{
  "FROG": {
    "impact_analysis": {
      "ticker": "FROG",
      "alpha": 0.013703883081718804,
      "beta": 0.00047423345198870114,
      "r_squared": 1.6220091714203022e-06,
      "n_trades": 468,
      "avg_slippage": 0.01506057394141742,
      "avg_size": 100.74006383468341,
      "success": true
    },
    "optimal_allocation": [
      290.6667021590587,
      523.3459944527231,
      185.9873033882182
    ],
    "parameters": {
      "alphas": [
        0.013703883081718804,
        0.016444659698062563,
        0.010963106465375044
      ],
      "betas": [
        0.00047423345198870114,
        0.00047423345198870114,
        0.00047423345198870114
      ],
      "sigmas": [
        0.01,
        0.015,
        0.008
      ]
    },
    "total_size": 1000
  },
  "SOUN": {
    "impact_analysis": {
      "ticker": "SOUN",
      "alpha": 0.013954439308225328,
      "beta": -0.005381237713840159,
      "r_squared": 0.0002850231589152097,
      "n_trades": 468,
      "avg_slippage": 0.014937837175835739,
      "avg_size": 105.61248121441187,
      "success": true
    },
    "optimal_allocation": [
      291.04654558232727,
      522.2381865199254,
      186.71526789774745
    ],
    "parameters": {
      "alphas": [
        0.013954439308225328,
        0.016745327169870393,
        0.011163551446580263
      ],
      "betas": [
        -0.005381237713840159,
        -0.005381237713840159,
        -0.005381237713840159
      ],
      "sigmas": [
        0.01,
        0.015,
        0.008
      ]
    },
    "total_size": 1000
  },
  "CRWV": {
    "impact_analysis": {
      "ticker": "CRWV",
      "alpha": 0.01382658247504885,
      "beta": 0.002631659604913289,
      "r_squared": 6.123089755338817e-05,
      "n_trades": 468,
      "avg_slippage": 0.015225203703781855,
      "avg_size": 101.42910477453803,
      "success": true
    },
    "optimal_allocation": [
      290.52533154448514,
      523.7572811826743,
      185.71738727284054
    ],
    "parameters": {
      "alphas": [
        0.01382658247504885,
        0.016591898970058618,
        0.01106126598003908
      ],
      "betas": [
        0.002631659604913289,
        0.002631659604913289,
        0.002631659604913289
      ],
      "sigmas": [
        0.01,
        0.015,
        0.008
      ]
    },
    "total_size": 1000
  }
}