{
  "FROG": {
    "impact_analysis": {
      "ticker": "FROG",
      "alpha": 0.013883259282884438,
      "beta": 0.0030487560739448976,
      "r_squared": 0.00010415329246327154,
      "n_trades": 468,
      "avg_slippage": 0.015178297146210348,
      "avg_size": 105.37713928426312,
      "success": true
    },
    "optimal_allocation": [
      290.4979113127745,
      523.8369907106999,
      185.66509797652563
    ],
    "parameters": {
      "alphas": [
        0.013883259282884438,
        0.016659911139461324,
        0.011106607426307551
      ],
      "betas": [
        0.0030487560739448976,
        0.0030487560739448976,
        0.0030487560739448976
      ],
      "sigmas": [
        0.01,
        0.015,
        0.008
      ]
    },
    "total_size": 1000
  },
  "SOUN": {
    "impact_analysis": {
      "ticker": "SOUN",
      "alpha": 0.01252638069691759,
      "beta": 0.01814014350454134,
      "r_squared": 0.0027409908804659766,
      "n_trades": 468,
      "avg_slippage": 0.014698256259205204,
      "avg_size": 102.9090056501739,
      "success": true
    },
    "optimal_allocation": [
      289.48600832270535,
      526.7642779715264,
      183.74971370576833
    ],
    "parameters": {
      "alphas": [
        0.01252638069691759,
        0.015031656836301107,
        0.010021104557534072
      ],
      "betas": [
        0.01814014350454134,
        0.01814014350454134,
        0.01814014350454134
      ],
      "sigmas": [
        0.01,
        0.015,
        0.008
      ]
    },
    "total_size": 1000
  },
  "CRWV": {
    "impact_analysis": {
      "ticker": "CRWV",
      "alpha": 0.012696588972786051,
      "beta": 0.014937745059980837,
      "r_squared": 0.002013093531739396,
      "n_trades": 468,
      "avg_slippage": 0.014768232547249172,
      "avg_size": 97.62142176786844,
      "success": true
    },
    "optimal_allocation": [
      289.70399813076375,
      526.1359941106921,
      184.16000775854408
    ],
    "parameters": {
      "alphas": [
        0.012696588972786051,
        0.01523590676734326,
        0.010157271178228842
      ],
      "betas": [
        0.014937745059980837,
        0.014937745059980837,
        0.014937745059980837
      ],
      "sigmas": [
        0.01,
        0.015,
        0.008
      ]
    },
    "total_size": 1000
  }
}